{"licenses": [{"name": "", "id": 0, "url": ""}], "info": {"contributor": "", "date_created": "", "description": "", "url": "", "version": "", "year": ""}, "categories": [{"id": 1, "name": "a1", "supercategory": ""}, {"id": 2, "name": "a2", "supercategory": ""}], "images": [{"id": 1, "width": 275, "height": 183, "file_name": "test4.jpeg", "license": 0, "flickr_url": "", "coco_url": "", "date_captured": 0}], "annotations": [{"id": 1, "image_id": 1, "category_id": 1, "segmentation": [], "area": 14357.5312, "bbox": [75.25, 23.21, 126.32, 113.66], "iscrowd": 0, "attributes": {"occluded": false}}]}